Categories,2020,2021
Driving,54.0827956989247,84.2051612903226
Walking,12.6362365591398,71.0718279569892
Transit,-31.1613978494624,91.0876344086021
